Forest;Habitat;Species;Residual;Trait
0.151495337;6.13E-09;0.29298666;0.555517997;Gmin
0.058196666;5.90E-09;0.401986568;0.53981676;TLP
0.011625353;7.89E-09;0.550897383;0.437477257;LA
0.001354864;1.02E-07;0.109735887;0.888909147;SLA
0.028960742;0.009196744;0.566666215;0.395176298;LSWC
0.041502096;5.88E-09;0.42747551;0.531022387;MajVLA
