Code,fvfm
657,0.69
658,0.82
659,0.822
660,0.87
661,0.886
662,0.803
663,0.808
664,0.791
665,0.8150000000000001
666,0.8150000000000001
667,0.8300000000000001
668,0.833
669,0.86
670,0.8
671,0.785
672,0.837
673,0.911
674,0.923
675,0.921
676,0.915
677,0.8130000000000001
678,0.987
679,0.836
680,0.8180000000000001
681,0.767
682,0.869
683,0.902
684,0.875
685,0.881
686,0.85
687,0.821
688,0.891
689,0.895
690,0.928
691,0.932
